model,true_label,predicted_label,text
Logistic Regression,0,1,"Not much to say other than plenty of Wire-fu and supposed Sholin monks ego-tripping about Kung-fu and caricature Japanese plotting to take over China. All of this would not be so bad if not for the utterly fake Japanese sword fighting. If you watched a Samurai movie or two you can tell that the ""Japanese"" fighting in the movie is simply the same ""Kung-fu"" (Really circus acrobats) stunt men doing the same things except with a Japanese sword. However, there are a couple of fun moments such as when a Japanese woman Ninja tears off her clothes in mid-flight to disarm a monk and captures him with a fishing net. Storywise, there seems to be a bit of schizophrenia as far as whether the Japanese should be shown as completely despicable or if there could be exceptions. The ""Japanese"" protagonist is shown as largely honourable but not beyond unwarranted cruelty such as when he murders a sedated monk so that he may have his duel. Quite disappointing with a very silly ending. Does not for a moment evoke even the semblance of the idea of an epic battle."
Logistic Regression,1,0,"It could be easy to complain about the quality of this movie (you don't have to throw cartloads of money at a movie to make it good, nor will it guarantee that it is worth watching) but I think that is totally missing the point. If your expecting fast cars, T&A or a movie that will spell itself out for you then don't watch this, you'll be disappointed and dumbfounded.<br /><br />This movie was thoroughly enjoyable, kept us on the edge of our seats and made us really think. The writer obviously put a lot of thought and research behind this movie and it shows through the end, just remember to keep an open mind.<br /><br />Note: the school scenes were all filmed at McMaster University and most of the rest was done in Toronto."
Logistic Regression,0,1,"Intended as light entertainment, this film is indeed successful as such during its first half, but then succumbs to a rapidly foundering script that drops it down. Harry (Judd Nelson), a ""reformed"" burglar, and Daphne (Gina Gershon), an aspiring actress, are employed as live window mannequins at a department store where one evening they are late in leaving and are locked within, whereupon they witness, from their less than protective glass observation point, an apparent homicide occurring on the street. The ostensible murderer, Miles Raymond (Nick Mancuso), a local sculptor, returns the following day to observe the mannequins since he realizes that they are the only possible witnesses to the prior night's violent event and, when one of the posing pair ""flinches"", the fun begins. Daphne and Harry report their observations at a local police station, but when the detective taking a crime report remembers Harry's criminal background, he becomes cynical. There are a great many ways in which a film can become hackneyed, and this one manages to utilize most of them, including an obligatory slow motion bedroom scene of passion. A low budget affair shot in Vancouver, even police procedural aspects are displayed by rote. The always capable Gershon tries to make something of her role, but Mancuso is incredibly histrionic, bizarrely so, as he attacks his lines with an obvious loose rein. Although the film sags into nonsense, cinematographer Glen MacPherson prefers to not follow suit, as he sets up with camera and lighting some splendidly realised compositions that a viewer may focus upon while ignoring plot holes and witless dialogue. A well-crafted score, appropriately based upon the action, is contributed by Hal Beckett. The mentioned dialogue is initially somewhat fresh and delivered well in a bantering manner by Nelson and Gershon, but in a subsequent context of flawed continuity and logic, predictability takes over. The direction reflects a lack of original ideas or point of view, and post-production flaws set the work back farther than should be expected for a basic thriller."
Logistic Regression,1,0,"It's really too bad that nobody knows about this movie. I think if it were just spruced up a little and if it weren't so low-budget, I think one of the major film companies might have wanted to take it. I first saw this movie when I was 11, and I thought it was so powerful with the many great, yet illegal lengths that Mitchell goes to just to keep his family together. It inspired me then and it amazes me now. If you're lucky enough to find a copy of this movie, don't miss it!"
Logistic Regression,0,1,"Unlike Terms of Endearment and Steel Magnolia's, I left the movie theater feeling VERY disappointed. I started to get into the characters and their complex mother/daughter and father/daughter relationships at the beginning. I even cried. But I had no sympathy for the characters with the ending. The final act did not seem in line with the mother's character at all. So, although the acting was pretty good, I thought the movie on a whole was disappointing."
Logistic Regression,0,1,"A very sensitive topic--15 y/o girl abandoned by mother as a baby and who goes to visit her, continues to be ignored, is raped by her mom's boyfriend, becomes pregnant. There was not enough depth displayed of this situation. Too much of time is taken up on the chase with the truckers transporting the baby. (Interesting, this baby with asthma--you never see him cry-- except once--, be fed, have is diaper changed during the whole truck transport ordeal.) I would have liked to have seen more of the interrelationships, more focus on the fact that this girl was a minor--this should have stood up in court immediately.<br /><br />And this was a true story! It deserved a better telling than that!!<br /><br />If it weren't for the subject matter, I would have given this closer to a 0 rating. I rented this from the library. Only later I found out it was a made for TV movie. <br /><br />oh well"
Logistic Regression,1,0,"Late night on BBC1, was on my way to bed but curiosity piqued at a contemporary-set Irish film so I stayed to watch for a few minutes and then stayed to the end. I have to admit that the main attraction was the only English actress, Kelly Reilly, who is stunning to look at.<br /><br />This is billed as a black comedy, which is one of the hardest things to pull off. It should be the perfect blend of horror and horrible laughs so that in the end you don't know why you're laughing - for me Martin Scorsese's After Hours (1985) is the best example. Dead Bodies is more black than comedy but the plot rattles along and spirals down towards further blackness. I didn't spot the final twists in the tale as some other posters here did so I was suitably surprised.<br /><br />As a snapshot of the Irish film industry in 2003, it all seems rather worthy; it doesn't look like they spent too much on the making of it so it had a chance to make its money back. The script could've been a whole lot sharper but the acting was on the whole pretty good. I'm glad I watched it, flaws and all, tho I don't think I learnt much about Ireland today, especially their policing methods!"
Logistic Regression,0,1,A not so good action thriller because it unsuccessfully trends the same water as early Steven Seagal films because there is not a very good set piece. Steven Seagal plays the same kind of character that he has played since Above the Law. In my opinion the performance of Keenen Ivory Wayans is wasted in such an average film and belongs in a much better film. Bob Gunton is okay as the main heavy. The best acting in the entire film belongs to Brian Cox who is very frightening in the role of the murderer. My favorite scenes are the fight scenes with the Russian mafia. One of the film reasons to see The Glimmer Man(1996) is for the brief appearence of the beautiful and voluptupus Nikki Cox. Its too bad that there were not more scenes with her in them.
Logistic Regression,0,1,"This series takes a classic story and makes rubbish of it. Robin is somehow mystified by an elk-man in the forest and is embroiled in all sorts of druidism and outright satanic episodes. The story is more about him avoiding the evil sheriff than helping the poor. This is barely watchable. And to top all the ridiculousness they kill Robin at the end of series 2 and replace him with another actor. Some people may like this show as a fantasy show but it is NOT a Robin Hood show. If you want Robin fighting in king Richards name against Prince John and the sheriff and if you want Robin feeding the poor and oppressed, watch the classic series or the newest from the BBC."
Logistic Regression,1,0,"I'd like to point out these excellent points in favor of this movie:<br /><br />#1 Angelina Jolie sex scene <br /><br />#2 Foley artist outdid themselves <br /><br />#3 plot was quite thick <br /><br />#4 DVD does includes trailers and chapter stops<br /><br />#5 no animals were harmed in the making of the movie <br /><br />#6 homages to blade runner through out the film <br /><br />#7 burning trash cans <br /><br />#8 funny guy with no legs <br /><br />#9 Voice overs by Jack Palance added a real dynamic element to the film. <br /><br />#10 Sage advise, for example ""When you dine with the devil bring a long spoon"". <br /><br />#11 Angelina Jolie was only 18! <br /><br />To sum it up: an evening of entertainment was provided."
Naive Bayes,1,0,"I'm 15, usually not kids my age usually watch these old classic movies. But this is one of my favorites. I was totally addicted after watching it for the first time. It's really good if u think about technology and movies back at that time, music is great, storyline is OK,choreography is great, must see it. I don't know why there's a prequel for this movie. Not many people like this movie, but i love classic love movies, they're so much better than movies now! This movie will make you smile, cry and make you start dancing. The music is absolutely ear catching and beautiful. I haven't seen Dirty Dancing 2 Harvana Nights(prequel), prequel should have star the original actors, thats what i hate about prequels, they ruin the original. No one wants a prequel, they want a sequel. Many people will agree that for a movie- the original, sequel and the 3rd one is enough. Beyond that, people wont be bothered to watch it. Who remembers the movie about the St Benard Beethoven? I think there's 5 movies altogether."
Naive Bayes,0,1,"Not much to say other than plenty of Wire-fu and supposed Sholin monks ego-tripping about Kung-fu and caricature Japanese plotting to take over China. All of this would not be so bad if not for the utterly fake Japanese sword fighting. If you watched a Samurai movie or two you can tell that the ""Japanese"" fighting in the movie is simply the same ""Kung-fu"" (Really circus acrobats) stunt men doing the same things except with a Japanese sword. However, there are a couple of fun moments such as when a Japanese woman Ninja tears off her clothes in mid-flight to disarm a monk and captures him with a fishing net. Storywise, there seems to be a bit of schizophrenia as far as whether the Japanese should be shown as completely despicable or if there could be exceptions. The ""Japanese"" protagonist is shown as largely honourable but not beyond unwarranted cruelty such as when he murders a sedated monk so that he may have his duel. Quite disappointing with a very silly ending. Does not for a moment evoke even the semblance of the idea of an epic battle."
Naive Bayes,1,0,"It could be easy to complain about the quality of this movie (you don't have to throw cartloads of money at a movie to make it good, nor will it guarantee that it is worth watching) but I think that is totally missing the point. If your expecting fast cars, T&A or a movie that will spell itself out for you then don't watch this, you'll be disappointed and dumbfounded.<br /><br />This movie was thoroughly enjoyable, kept us on the edge of our seats and made us really think. The writer obviously put a lot of thought and research behind this movie and it shows through the end, just remember to keep an open mind.<br /><br />Note: the school scenes were all filmed at McMaster University and most of the rest was done in Toronto."
Naive Bayes,1,0,"It's really too bad that nobody knows about this movie. I think if it were just spruced up a little and if it weren't so low-budget, I think one of the major film companies might have wanted to take it. I first saw this movie when I was 11, and I thought it was so powerful with the many great, yet illegal lengths that Mitchell goes to just to keep his family together. It inspired me then and it amazes me now. If you're lucky enough to find a copy of this movie, don't miss it!"
Naive Bayes,0,1,"Unlike Terms of Endearment and Steel Magnolia's, I left the movie theater feeling VERY disappointed. I started to get into the characters and their complex mother/daughter and father/daughter relationships at the beginning. I even cried. But I had no sympathy for the characters with the ending. The final act did not seem in line with the mother's character at all. So, although the acting was pretty good, I thought the movie on a whole was disappointing."
Naive Bayes,0,1,"A very sensitive topic--15 y/o girl abandoned by mother as a baby and who goes to visit her, continues to be ignored, is raped by her mom's boyfriend, becomes pregnant. There was not enough depth displayed of this situation. Too much of time is taken up on the chase with the truckers transporting the baby. (Interesting, this baby with asthma--you never see him cry-- except once--, be fed, have is diaper changed during the whole truck transport ordeal.) I would have liked to have seen more of the interrelationships, more focus on the fact that this girl was a minor--this should have stood up in court immediately.<br /><br />And this was a true story! It deserved a better telling than that!!<br /><br />If it weren't for the subject matter, I would have given this closer to a 0 rating. I rented this from the library. Only later I found out it was a made for TV movie. <br /><br />oh well"
Naive Bayes,1,0,"Late night on BBC1, was on my way to bed but curiosity piqued at a contemporary-set Irish film so I stayed to watch for a few minutes and then stayed to the end. I have to admit that the main attraction was the only English actress, Kelly Reilly, who is stunning to look at.<br /><br />This is billed as a black comedy, which is one of the hardest things to pull off. It should be the perfect blend of horror and horrible laughs so that in the end you don't know why you're laughing - for me Martin Scorsese's After Hours (1985) is the best example. Dead Bodies is more black than comedy but the plot rattles along and spirals down towards further blackness. I didn't spot the final twists in the tale as some other posters here did so I was suitably surprised.<br /><br />As a snapshot of the Irish film industry in 2003, it all seems rather worthy; it doesn't look like they spent too much on the making of it so it had a chance to make its money back. The script could've been a whole lot sharper but the acting was on the whole pretty good. I'm glad I watched it, flaws and all, tho I don't think I learnt much about Ireland today, especially their policing methods!"
Naive Bayes,1,0,"It is to typical of people complaining about something when they no nothing about it...So this is about a gay man falling for a straight women. First of all...This is a true story so you cant say its not believable Second its written by a gay man so the whole thing about this being against the gays are just plain stupid. Personally I think this was the best love story I've ever seen. And I am very pro gay. I think this shows that real love is about personality not just looks and sex. And it has nothing against anyone who is gay, straight or bi unlike so many other shows. Maybe we in Europe take to it more cus most TV here are a bit deeper and make you think more then American TV...Plus we don't fear when it comes to showing certain things.<br /><br />If you want something funny with one of Englands best (Lesley Sharp) and you want to see a decent believable love story without too much sap this is for you. I know I love it"
Naive Bayes,0,1,"This series takes a classic story and makes rubbish of it. Robin is somehow mystified by an elk-man in the forest and is embroiled in all sorts of druidism and outright satanic episodes. The story is more about him avoiding the evil sheriff than helping the poor. This is barely watchable. And to top all the ridiculousness they kill Robin at the end of series 2 and replace him with another actor. Some people may like this show as a fantasy show but it is NOT a Robin Hood show. If you want Robin fighting in king Richards name against Prince John and the sheriff and if you want Robin feeding the poor and oppressed, watch the classic series or the newest from the BBC."
Naive Bayes,1,0,"I especially liked the ending of this movie--I really felt what the characters must have felt, which I think is a mark of good directing. I was tickled with how the new hire at the record store turned out--great character development there, even though his ""role"" would probably be considered minor.<br /><br />I was also impressed that the entire film, while dark in its subject matter, was free from gratuitous nudity, profanity, and violence. Sadness, sexuality, and darkness can all be communicated (often better) by what is left unsaid, but it seems that this is often unique to really ""classy"" films and actors. Kudos to the film-maker for that."
Lightweight CNN,1,0,"I was truly and wonderfully surprised at ""O' Brother, Where Art Thou?"" The video store was out of all the movies I was planning on renting, so then I came across this. I came home and as I watched I became engrossed and found myself laughing out loud. The Coen's have made a magnificiant film again. But I think the first time you watch this movie, you get to know the characters. The second time, now that you know them, you laugh sooo hard it could hurt you. I strongly would reccomend ANYONE seeing this because if you are not, you are truly missing a film gem for the ages. 10/10"
Lightweight CNN,0,1,"Porn legend Gregory Dark directs this cheesy horror flick that has Glen Jacobs (Kane from WWF/WWE/ whatever it calls itself nowadays) in his cinematic debut. He plays Jacob Goodknight, a blind serial killer who's forte is taking people's eyes out. The plot, be it as it may, has a group of troubled youths cleaning up the historical hotel that GoodKnight resides in and subsequently being offed by him. Hemmingway it's not. Starts of as fun dopey B-movie, but soon gets too tedious to be enjoyable. Glad I went in with pretty low expectations, but even those weren't met. How can you have a porn king directing and still suffer from a lack of nudity??? for shame.<br /><br />My Grade: D- <br /><br />Eye Candy: Samantha Noble bares her ass briefly"
Lightweight CNN,0,1,"Teenager Tamara (Jenna Dewan) has it rough. She's ridiculed by all the popular ""kids"" for being shy, bookish, frumpy and because of her interest in witchcraft. All of the football players and cheerleaders are especially angry at her for writing an article on steroid abuse for the school paper. On top of this, her dad's a drunk, her mom's not around and she's secretly in love with her supportive English teacher (Matthew Marsden). The popular kids set up a cruel prank to humiliate her, accidentally kill her during a struggle, bury the body in the woods and make a pact to keep silent. To their shock, the very next day Tamara walks back into the classroom looking seductive and, uh, dressed to kill. Yep, back from the dead and ready for supernatural revenge against everyone involved. She also takes time out to make her sexually abusive pop eat a beer bottle and tries to seduce her English teacher away from his wife (Claudette Mink), a guidance counselor at the school.<br /><br />Acting and writing are strictly mediocre. You can also tell the people responsible for this have seen such movies as CARRIE (1976), HELLO MARY LOU: PROM NIGHT II (1987) and THE CRAFT (1996) because it borrows wholesale from all three of those superior films. There's some gore (a guy cutting off his ear and tongue and then stabbing his eyeball probably being the best bit), a nasty vomiting scene and a few campy/witty one-liners. Not an awful film by any means, but not much originality went into it either."
Lightweight CNN,1,0,"Dirty Harry goes to Atlanta is what Burt called this fantastic, first-rate detective thriller that borrows some of its plot from the venerable Dana Andrews movie ""Laura."" Not only does Burt Reynolds star in this superb saga but he also helmed it and he doesn't make a single mistake either staging the action or with his casting of characters. Not a bad performance in the movie and Reynolds does an outstanding job of directing it. Henry Silva is truly icy as a hit-man.<br /><br />Detective Tom Sharky (Burt Reynolds) is on a narcotics case in underground Atlanta when everything goes wrong. He winds up chasing a suspect and shooting it out with the gunman on a bus. During the melee, an innocent bystander dies. John Woo's ""The Killer"" replicates this scene. Anyway, the Atlanta Police Department busts Burt down to Vice and he takes orders from a new boss, Frisco (Charles Durning of ""Oh, Brother, Where Art Thou?"") in the basement. Sharky winds up in a real cesspool of crime. Sharky and his fellow detectives Arch (Bernie Casey) and Papa (Brian Keith) set up surveillance on a high-priced call girl Dominoe (Rachel Ward of ""After Dark, My Sweet"")who has a luxurious apartment that she shares with another girl.<br /><br />Dominoe is seeing a local politician Hotchkins (Earl Holliman of ""Police Woman"") on the side who is campaigning for governor but the chief villain, Victor (Vittorio Gassman of ""The Dirty Game"") wants him to end the affair. Hotchkins is reluctant to accommodate Victor, so Victor has cocaine snorting Billy Score (Henry Silva of ""Wipeout"")terminate Dominoe. Billy blasts a hole the size of a twelve inch pizza in the door of Dominoe's apartment and kills her.<br /><br />Sharky has done the unthinkable. During the surveillance, he has grown fond of Dominoe to the point that he becomes hopelessly infatuated with her. Sharky's mission in life now is to bust Victor, but he learns that Victor has an informant inside the Atlanta Police Department. The plot really heats up when Sharky discovers later that Billy shot the wrong girl and that Dominoe is still alive! Sharky takes her into protective custody and things grow even more complicated. He assembles his ""Machine"" of the title to deal with Victor and his hoods.<br /><br />William Fraker's widescreen lensing of the action is immaculate. Unfortunately, this vastly underrated classic is available only as a full-frame film. Fraker definitely contributes to the atmosphere of the picture, especially during the mutilation scene on the boat when the villain's cut off one of Sharky's fingers. This is a rather gruesome scene.<br /><br />Burt never made a movie that surpassed ""Sharky's Machine."""
Lightweight CNN,0,1,"The story is: a turn-of-the-century troupe of actors, along with producers and theatre-owners, have very complicated relationships. A resident playwright has written a psychological drama. He wants to get a good production on stage, but can't unless he convinces a pariticular reviewer to revisit the production, and give a positive review. If his production does not go on, then the troupe will put on The Doll House, recently written by Ibsen. Many different relationships among the principals are explored; none of them interesting. But the involvement of the characters with one another lead to giving the play by the resident playwrght a second shot.<br /><br />This movie is purely an excuse for the director and his friends to get together and put on a movie. The story lines are incoherent to anyone who isn't a buddy of one of the stars. The only reason I didn't leave the theatre after about a half hour is that a fat lady was resting a full meal atop her stomach at the end of my row."
Lightweight CNN,1,0,"It could be easy to complain about the quality of this movie (you don't have to throw cartloads of money at a movie to make it good, nor will it guarantee that it is worth watching) but I think that is totally missing the point. If your expecting fast cars, T&A or a movie that will spell itself out for you then don't watch this, you'll be disappointed and dumbfounded.<br /><br />This movie was thoroughly enjoyable, kept us on the edge of our seats and made us really think. The writer obviously put a lot of thought and research behind this movie and it shows through the end, just remember to keep an open mind.<br /><br />Note: the school scenes were all filmed at McMaster University and most of the rest was done in Toronto."
Lightweight CNN,0,1,"Intended as light entertainment, this film is indeed successful as such during its first half, but then succumbs to a rapidly foundering script that drops it down. Harry (Judd Nelson), a ""reformed"" burglar, and Daphne (Gina Gershon), an aspiring actress, are employed as live window mannequins at a department store where one evening they are late in leaving and are locked within, whereupon they witness, from their less than protective glass observation point, an apparent homicide occurring on the street. The ostensible murderer, Miles Raymond (Nick Mancuso), a local sculptor, returns the following day to observe the mannequins since he realizes that they are the only possible witnesses to the prior night's violent event and, when one of the posing pair ""flinches"", the fun begins. Daphne and Harry report their observations at a local police station, but when the detective taking a crime report remembers Harry's criminal background, he becomes cynical. There are a great many ways in which a film can become hackneyed, and this one manages to utilize most of them, including an obligatory slow motion bedroom scene of passion. A low budget affair shot in Vancouver, even police procedural aspects are displayed by rote. The always capable Gershon tries to make something of her role, but Mancuso is incredibly histrionic, bizarrely so, as he attacks his lines with an obvious loose rein. Although the film sags into nonsense, cinematographer Glen MacPherson prefers to not follow suit, as he sets up with camera and lighting some splendidly realised compositions that a viewer may focus upon while ignoring plot holes and witless dialogue. A well-crafted score, appropriately based upon the action, is contributed by Hal Beckett. The mentioned dialogue is initially somewhat fresh and delivered well in a bantering manner by Nelson and Gershon, but in a subsequent context of flawed continuity and logic, predictability takes over. The direction reflects a lack of original ideas or point of view, and post-production flaws set the work back farther than should be expected for a basic thriller."
Lightweight CNN,1,0,"It's really too bad that nobody knows about this movie. I think if it were just spruced up a little and if it weren't so low-budget, I think one of the major film companies might have wanted to take it. I first saw this movie when I was 11, and I thought it was so powerful with the many great, yet illegal lengths that Mitchell goes to just to keep his family together. It inspired me then and it amazes me now. If you're lucky enough to find a copy of this movie, don't miss it!"
Lightweight CNN,0,1,"""An astronaut (Michael Emmet) dies while returning from a mission and his body is recovered by the military. The base where the dead astronaut is taken to becomes the scene of a bizarre invasion plan from outer space. Alien embryos inside the dead astronaut resurrect the corpse and begin a terrifying assault on the military staff in the hopes of conquering the world,"" according to the DVD sleeve's synopsis.<br /><br />A Roger Corman ""American International"" production. The man who fell to Earth impregnated, Mr. Emmet (as John Corcoran), does all right. Angela Greene is his pretty conflicted fiancée. And, Ed Nelson (as Dave Randall) is featured as prominently. With a bigger budget, better opening, and a re-write for crisper characterizations, this could have been something approaching classic 1950s science fiction.<br /><br />*** Night of the Blood Beast (1958) Bernard L. Kowalski, Roger Corman ~ Michael Emmet, Angela Greene, Ed Nelson"
Lightweight CNN,0,1,"Lovely music. Beautiful photography, some of scenes are breathtaking and affecting. But the dramatic tension is lost in a film that is so poorly edited it is hard to know what exactly is going on. At times, the dialogue is incomprehensible. Then there is Richard Gere. He's supposed to be a factory worker who gets into trouble and gets work on a farm. We see dozens of farmhands sweaty and dirty in the hot sun. Then we see Gere, looking like he just wandered away from a Calvin Klein ad. Sam Shepard, another glamour guy, is supposed to be terminally ill. But he looks great. Nice try, but it just doesn't work. Brook Adams try hard but she gets lost in the scenery.The real star is the girl."
DistilBERT,0,1,"The story is: a turn-of-the-century troupe of actors, along with producers and theatre-owners, have very complicated relationships. A resident playwright has written a psychological drama. He wants to get a good production on stage, but can't unless he convinces a pariticular reviewer to revisit the production, and give a positive review. If his production does not go on, then the troupe will put on The Doll House, recently written by Ibsen. Many different relationships among the principals are explored; none of them interesting. But the involvement of the characters with one another lead to giving the play by the resident playwrght a second shot.<br /><br />This movie is purely an excuse for the director and his friends to get together and put on a movie. The story lines are incoherent to anyone who isn't a buddy of one of the stars. The only reason I didn't leave the theatre after about a half hour is that a fat lady was resting a full meal atop her stomach at the end of my row."
DistilBERT,0,1,"A holiday on a boat, a married couple, an angry waiter and a shipwreck is the reason to this films beginning.<br /><br />I like boobs. No question about that. But when the main character allies with whoever happens to have the most fish at the moment, mostly by having sex with them and playing the role of the constant victim, my anger just rises to a whole new level. Take two guys (a husband and another man), put a pure bombshell woman in the middle of them, ad a deserted island, subtract all her moral issues, ad a whole bunch of moral issues to the men and mix it in a big bowl of arguments, fish and a zippo lighter and you will come up with a piece of junk movie like this. <br /><br />The acting is, I would say, good. There are some bloopers but not many as far as i could see. The main female character makes me sick. This is due to her lack of moral values. The man with the most fish get's her attention. Even though one of them is her husband, she sees no problem with being unfaithful with (Manuel) the other man because ""I must do it to survive"". How can you justify having sex with another man for fish when your husband is 30feet away? And he won't even benefit from it? The female character has absolutely no problems to justify anything that she does. If she doesen't get approval for her actions, she's a victim.<br /><br />I recommend everyone to see this movie. This is the kind of movie that will make just about everything else you see this year a pleasant movie experience."
DistilBERT,0,1,"Coming from Kiarostami, this art-house visual and sound exposition is a surprise. For a director known for his narratives and keen observation of humans, especially children, this excursion into minimalist cinematography begs for questions: Why did he do it? Was it to keep him busy during a vacation at the shore? <br /><br />""Five, 5 Long Takes"" consists of, you guessed it, five long takes. They are (the title names are my own and the times approximate): <br /><br />""Driftwood and waves"". The camera stands nearly still looking at a small piece of driftwood as it gets moved around by small waves splashing on a beach. Ten minutes.<br /><br />""Watching people on the boardwalk"". The camera stands still looking at the ocean horizon and a boardwalk. People walk across the camera frame, their faces too far and blurry to make them interesting. Eleven minutes.<br /><br />""Six dogs at the water's edge"". The camera stands still looking at the ocean horizon with a sandy stretch of beach nearby. Far away at the water's edge, six dogs not doing much, just relaxing. Sixteen minutes.<br /><br />""Ducks in line, gaggle of ducks"". The camera stands still looking at the ocean horizon near the water's edge. Dozen and dozen of ducks stream in single file from left to right. I assume that Kiarostami released them gradually. The last two ducks stop dead on their track and suddenly a gaggle of ducks rolls quietly from right to left. I assume Kiarostami collected the ducks and re-released all at the same time. It is not the first time that he deals with the contrast between organized and disorganized behavior. Eight minutes.<br /><br />""Frog symphony, oops, I mean cacophony, for a stormy night"". The camera stands over a pond at night. It's pitch black except for what appears to be the reflection of the moon on the undulating water. It is a stormy night and clouds race to cover the moon. The screen goes dark. What remains for us is the cacophony of frogs, howling dogs and, eventually, morning roosters. Hit me on the head if this was done in a single take. I saw this segment as a sound composition put together in the editing room and accompanied by a simple visualization. Twenty seven minutes! <br /><br />Except for the mildly amusing ducks, this exercise in minimalism left me cold. A nonessential film for Kiarostami admirers.<br /><br />I thought I would rate ""Five"" a five, but four is what it deserves.<br /><br />The film is dedicated to Yasujiru Ozu."
DistilBERT,0,1,"""An astronaut (Michael Emmet) dies while returning from a mission and his body is recovered by the military. The base where the dead astronaut is taken to becomes the scene of a bizarre invasion plan from outer space. Alien embryos inside the dead astronaut resurrect the corpse and begin a terrifying assault on the military staff in the hopes of conquering the world,"" according to the DVD sleeve's synopsis.<br /><br />A Roger Corman ""American International"" production. The man who fell to Earth impregnated, Mr. Emmet (as John Corcoran), does all right. Angela Greene is his pretty conflicted fiancée. And, Ed Nelson (as Dave Randall) is featured as prominently. With a bigger budget, better opening, and a re-write for crisper characterizations, this could have been something approaching classic 1950s science fiction.<br /><br />*** Night of the Blood Beast (1958) Bernard L. Kowalski, Roger Corman ~ Michael Emmet, Angela Greene, Ed Nelson"
DistilBERT,0,1,"This is about some vampires (who can run around out in the sunlight), that are causing some problems down in South America. Casper Van Dien is sent in with his team of commandos to investigate. The movie opens with Van Dien & Co. walking through the jungle, and there's this huge black guy who just absolutely, positively cannot act. He speaks all his lines as if he's reading them off the cue-cards for the very first time. His voice is also so low that, well, it's positively hilarious. Great way to get the movie started! Anyhow, they run into some of our vampires, shoot them (this causes them to appear to die for about 20 seconds), and then of course they come back to life. Van Dien notices that one of them was impaled across a tree limb, and yells to his buddies to kill them with wood. The stunt work must be seen to be believed - the vampires are on wires that pull them up trees, which is supposed to make them look like they can climb really easily, but it just makes them look like they're bouncing around on bungee cords or something.<br /><br />Yeah...anyhow, later on, the huge black dude is down in South America with some guys (Van Dien not included), and they're attacked by more vampires. It's really too bad these guys never heard of a crossbow, because it would seem to be the perfect weapon to kill the little bloodsuckers with, but instead they use big old wooden stakes that they try to impale the vampires with by hand. The big black dude ends up getting captured and he eventually becomes some big powerful vampire leader. Van Dien ends up battling him later on. It doesn't help that all through the movie, everyone forgets that if you shoot a vampire, they are knocked out for 20 seconds or so, which would enable a person to stick a stake in them fairly easily. They just try to stick stakes in them in the middle of hand-to-hand combat. Yeah, not exactly brilliant tactics.<br /><br />There's a hot babe (remember Veronica from The Lost World TV show? Yes, it's her!) who also happens to be walking around in the middle of Vampire County on some sort of research mission, and she also just happens to be Van Dien's ex-wife. Hey, what are the odds? It's a shame she's not in the movie a whole lot more than she is. Will her and Casper get back together in the end? Will Van Dien defeat the huge black dude who can't act? Will the circus performer vampires make you laugh through all the numerous action scenes? Will we hear the three stooges music when somebody does something funny? Has even Lynda Carter forgotten how to act in her small cameo (she's more convincing in her Sleep Number Bed commercials)? These questions and more will will be answered if you make it all the way to the end of the movie.<br /><br />I don't know, it might score some points on the so bad it's good scale, but that's about it. Eh, it's a bunch of goofs running around in the jungle, I guess it's kind of entertaining."
DistilBERT,1,0,"It is to typical of people complaining about something when they no nothing about it...So this is about a gay man falling for a straight women. First of all...This is a true story so you cant say its not believable Second its written by a gay man so the whole thing about this being against the gays are just plain stupid. Personally I think this was the best love story I've ever seen. And I am very pro gay. I think this shows that real love is about personality not just looks and sex. And it has nothing against anyone who is gay, straight or bi unlike so many other shows. Maybe we in Europe take to it more cus most TV here are a bit deeper and make you think more then American TV...Plus we don't fear when it comes to showing certain things.<br /><br />If you want something funny with one of Englands best (Lesley Sharp) and you want to see a decent believable love story without too much sap this is for you. I know I love it"
DistilBERT,1,0,"I remember seeing this film in the mid 80's thought it a well paced and well acted piece. I now work quite often in Berkeley Square and the had to get a copy of DVD to remind myself how little the area has changed, although my office is newish it just 30 seconds away from ""the bank"". Even Jack Barclays car dealership is still there selling Bentleys and Rolls Royces.<br /><br />It's look like the DVD is due a Region 2 release soon. The region 1 copy I is very poor quality. Let's hope they've cleaned it up.<br /><br />Only the slightly dodgy escape sequence from the court spoils what would otherwise be a great film but I guess is in line with the caper tag the film goes with."
DistilBERT,1,0,"I'd like to point out these excellent points in favor of this movie:<br /><br />#1 Angelina Jolie sex scene <br /><br />#2 Foley artist outdid themselves <br /><br />#3 plot was quite thick <br /><br />#4 DVD does includes trailers and chapter stops<br /><br />#5 no animals were harmed in the making of the movie <br /><br />#6 homages to blade runner through out the film <br /><br />#7 burning trash cans <br /><br />#8 funny guy with no legs <br /><br />#9 Voice overs by Jack Palance added a real dynamic element to the film. <br /><br />#10 Sage advise, for example ""When you dine with the devil bring a long spoon"". <br /><br />#11 Angelina Jolie was only 18! <br /><br />To sum it up: an evening of entertainment was provided."
DistilBERT,1,0,"Sex, drugs, racism and of course you ABC's. What more could you want in a kid's show!<br /><br />------------------------------------------- -------------------------------------------<br /><br />""User Comment Guidelines <br /><br />Please note there is a 1,000 word limit on comments. The recommended length is 200 to 500 words. The minimum length for comments is 10 lines of text. Comments which are too short or have been padded with junk text will be discarded. You may only post a single comment per title. <br /><br />What to include: Your comments should focus on the title's content and context. The best reviews include not only whether you liked or disliked a movie or TV-series, but also why. Feel free to mention other titles you consider similar and how this one rates in comparison to them. Comments that are not specific to the title will not be posted on our site. Please write in English only and note that we do not support HTML mark-up within the comments"""
DistilBERT,0,1,"Film critics of the world, I apologize. It is your job to give advice to the moviegoing public so that they can wisely choose what to spend money on. But I ignored your advice and I have been deeply hurt. However, my decision to see ""The Cat in the Hat"" wasn't made haphazardly. You see, three years ago all of you critics said that we should all avoid the ""calamity"" known as ""How the Grinch Stole Christmas"". Then some friends of mine took me to see it and it turned out to be a colorful, funny and almost hypnotic yuletide treat. So when the critics unleashed their fury against ""The Cat in the Hat"", another big budget Seuss update with a big name star in the title role, I thought that it must be the same old song. How wrong I was.<br /><br />For five whole minutes I thought I was in the clear. The opening credits are clever, the kids are charming and the production values are top notch. Then the cat showed up. There are many problems from this point on, but the biggest one was the woeful miscasting of Mike Myers. Where ""The Grinch"" was saved by the inspired casting of Jim Carrey, ""The Cat"" was destroyed by Myers. He can be very funny when his energies are applied where they belong, comic sketches. Every movie he's made that was truly funny was really just a feature length comedy sketch, from ""Wayne's World"" to ""Austin Powers"". So he tries to do the same thing here, it's just that these comedy sketches are more like the stuff that they stick at the end of SNL, not funny, just painful. Not that the writers helped him out any. After the charming prologue the movie turns into an hour of repulsive bodily humor gags, poorly timed pratfalls and insultingly stunted attempts at hip humor. This movie was the most disheartening cinematic experience I have ever had. Period. So much talent and work went into something so vile. I know that the adult stars of this movie will be relatively unscathed by this mess, I just hope that the wonderful Spencer Breslin and Dakota Fanning will get more chances to show their charms in far better movies. If you are a parent, please avoid this like the plague. With movies like ""Elf"" and ""Brother Bear"" currently in theaters, you have far better choices."
